id,first_name,last_name,notes,birth_date,death_date,date_added,date_updated
1,Frank,Ticheli,"",1958-01-21,,2025-06-27 03:00:29.291327+00,2025-06-27 03:00:29.291338+00
2,Alfred,Reed,"",1921-01-25,2005-09-17,2025-06-27 03:01:28.419562+00,2025-06-27 03:01:28.419575+00
3,Eric,Whitacre,"",1970-01-02,,2025-06-27 03:02:43.937635+00,2025-06-27 03:02:43.937646+00
4,Leroy,Anderson,"",1908-06-29,1975-05-18,2025-06-27 03:03:45.276116+00,2025-06-27 03:03:45.276128+00
5,Lee,Mendelson,"",1933-03-24,2019-12-25,2025-06-27 03:05:04.53714+00,2025-06-27 03:05:04.537153+00
6,Vince,Guaraldi,"",1928-07-17,1976-02-06,2025-06-27 03:05:49.396007+00,2025-06-27 03:05:49.396025+00
7,Julie,Giroux,"",1961-12-12,,2025-06-27 20:01:28.332444+00,2025-06-27 20:01:28.332464+00
8,Johann,Strauss Sr.,"",1804-03-14,1849-09-25,2025-06-27 20:02:47.041853+00,2025-06-27 20:02:47.041868+00
9,Václav,Nelhýbel,"",1919-09-24,1996-03-22,2025-06-27 20:03:56.248806+00,2025-06-27 20:03:56.248819+00
10,Florence,Price,"",1887-04-09,1953-06-03,2025-06-27 20:04:38.837919+00,2025-06-27 20:04:38.83793+00
11,Scott,McAllister,"exact birth date not known, only the year",1969-01-01,,2025-06-27 20:06:53.402068+00,2025-06-27 20:06:53.402081+00
12,Darius,Milhaud,"",1892-09-04,1974-06-22,2025-06-27 20:10:34.270718+00,2025-06-27 20:10:34.27073+00
13,Richard,Wagner,"",1813-05-22,1883-02-13,2025-06-27 20:11:22.572954+00,2025-06-27 20:11:22.572968+00
14,Louis,Ganne,"",1862-04-05,1923-07-13,2025-06-27 20:30:39.067811+00,2025-06-27 20:30:39.067825+00
15,Claude,Debussy,"",1862-08-22,1918-03-25,2025-06-27 20:31:17.734759+00,2025-06-27 20:31:17.734773+00
17,Franz,Doppler,"",1821-10-16,1883-07-27,2025-06-27 20:33:42.088078+00,2025-06-27 20:33:42.088088+00
18,Jan,Van der Roost,"",1956-03-01,,2025-06-27 20:34:23.672211+00,2025-06-27 20:34:23.672225+00
19,Martin,Ellerby,exact date of birth not known,1957-01-01,,2025-06-27 20:35:13.391715+00,2025-06-27 20:35:13.391729+00
20,Camille,Saint-Saëns,"",1835-10-09,1921-12-16,2025-06-27 20:36:08.936432+00,2025-06-27 20:36:08.936441+00
21,Jacques,Offenbach,"",1819-06-20,1880-10-05,2025-06-28 20:02:14.974673+00,2025-06-28 20:02:14.974685+00
22,David,Del Tredici,"",1937-03-16,2023-11-18,2025-06-28 20:04:26.98823+00,2025-06-28 20:04:26.98824+00
23,Gustav,Holst,"",1874-09-21,1934-05-25,2025-06-28 20:05:01.404143+00,2025-06-28 20:05:01.404155+00
24,Morten,Lauridsen,"",1943-02-27,,2025-06-28 20:06:10.514477+00,2025-06-28 20:06:10.514493+00
25,Paul,Hindemith,"",1895-11-16,1963-12-28,2025-06-28 20:06:44.160592+00,2025-06-28 20:06:44.160602+00
26,David,Lovrien,exact birthdate unknown,1963-01-01,,2025-06-28 21:39:59.459792+00,2025-06-28 21:39:59.459804+00
27,Jester,Hairston,"",1901-07-01,2000-01-18,2025-06-28 21:40:36.793239+00,2025-06-28 21:40:36.793251+00
28,Stephen,Reisteter,"",1957-11-30,,2025-06-28 21:41:08.771805+00,2025-06-28 21:41:08.771815+00
30,Herbert,Hazelman,"",1913-10-13,2007-12-16,2025-06-29 01:47:59.547799+00,2025-06-29 01:47:59.547811+00
31,Percy,Grainger,"",1882-07-08,1961-02-20,2025-06-29 01:48:38.901671+00,2025-06-29 01:48:38.901691+00
32,Julius,Fučik,"",1872-07-18,1916-09-25,2025-06-29 01:49:33.454554+00,2025-06-29 01:49:33.454564+00
33,Ludwig van,Beethoven,"",1770-12-17,1827-03-26,2025-06-29 01:52:32.945775+00,2025-06-29 01:52:32.945786+00
29,Carl Maria von,Weber,"",1786-11-18,1826-06-05,2025-06-29 01:47:08.810397+00,2025-06-29 01:52:47.350874+00
34,P.D.Q.,Bach,"Fictional composer, aka Peter Schickele",,,2025-06-29 01:53:52.238626+00,2025-06-29 01:53:52.238638+00
35,Peter,Schickele,"",1935-07-17,2024-01-16,2025-06-29 01:54:39.447163+00,2025-06-29 01:54:39.447178+00
36,Edwin Franko,Goldman,"",1878-01-01,1956-02-21,2025-06-29 01:55:26.954416+00,2025-06-29 01:55:26.95443+00
1961,Pedro,Iturralde,aka Pedro Iturralde Ochoa,1929-07-03,2020-11-01,2025-07-04 17:30:00.874511+00,2025-07-04 17:30:00.874524+00
16,Pierre,LaPlante,"According to windrep.org, it is LaPlante, not La Plante",1943-09-25,2024-05-22,2025-06-27 20:32:42.42048+00,2025-07-05 15:36:18.340709+00
1966,Johnny,Marks,"",1909-10-11,1985-09-03,2025-07-10 00:55:10.360524+00,2025-07-10 00:55:10.360536+00
1970,Dmitri,Kabalevsky,"",1904-12-30,1987-02-14,2025-09-09 21:03:20.35869+00,2025-09-09 21:03:20.358699+00
1973,Nicholas,Brodszky,https://en.wikipedia.org/wiki/Nicholas_Brodszky,1905-04-20,1958-12-24,2025-10-23 20:25:54.525053+00,2025-10-23 20:25:54.525062+00
1975,Johan,de Meij,https://en.wikipedia.org/wiki/Johan_de_Meij,1953-11-23,,2025-11-13 23:24:57.9758+00,2025-11-13 23:24:57.97581+00
507,Adolphe,Adam,"",,,2025-07-03 04:00:00+00,2025-07-03 04:00:00+00
198,David,Holsinger,"",,,2025-07-03 04:00:00+00,2025-07-04 17:42:14.068792+00
1967,James,Pierpont,"",1822-04-25,1893-08-05,2025-07-10 01:00:05.578202+00,2025-07-10 01:00:05.578212+00
1971,Emmanuel,Séjourné,"",1961-07-16,,2025-09-09 21:05:04.299764+00,2025-09-09 21:05:04.299775+00
1974,Alan,Silvestri,"",1950-03-26,,2025-10-23 23:53:03.718725+00,2025-10-23 23:54:36.338734+00
1976,Steven,Sudduth,"LCB Music Director, 2024-",,,2025-11-13 23:25:24.374334+00,2025-11-13 23:25:24.37435+00
122,"",Fine,"",,,2025-07-03 04:00:00+00,2025-07-03 04:00:00+00
1962,Sally,Greenaway,exact birthday unknown,1984-01-01,,2025-07-04 18:19:46.919574+00,2025-07-04 18:19:46.919588+00
1968,G.,Morse,"",,,2025-07-10 01:12:29.456564+00,2025-07-10 01:12:29.456576+00
1972,Brian,Balmages,"",1975-01-24,,2025-09-09 21:06:14.375068+00,2025-09-09 21:06:14.375077+00
1977,Ingolf,Dahl,https://en.wikipedia.org/wiki/Ingolf_Dahl,1912-06-09,1970-08-06,2025-11-13 23:26:21.454142+00,2025-11-13 23:26:21.454152+00
1963,Anthony,Iannaccone,exact birthdate unknown,1943-01-01,,2025-07-05 15:34:54.505184+00,2025-07-05 15:34:54.505199+00
1969,Robert,Thurston,exact birthdate unknown,1959-01-01,,2025-07-10 01:13:53.373117+00,2025-07-10 01:13:53.373131+00
1978,Nick,Simmons-Smith,"",,,2025-11-13 23:26:37.072021+00,2025-11-13 23:26:37.072031+00
516,Harold,Arlen,"",,,2025-07-03 04:00:00+00,2025-07-04 17:38:19.967419+00
1964,John,Mackey,"",1973-10-01,,2025-07-05 15:35:33.391734+00,2025-07-05 15:35:33.391745+00
54,Andrew,"Boysen, Jr.","",1968-09-29,,2025-07-03 04:00:00+00,2025-09-09 21:07:04.888525+00
513,Kenneth J.,Alford,"",,,2025-07-03 04:00:00+00,2025-10-23 20:23:21.297848+00
504,"James ""Jimmy""",Dorsey,"",,,2025-07-03 04:00:00+00,2025-07-03 23:57:23.515552+00
522,Johann Sebastian,Bach,"",,,2025-07-03 04:00:00+00,2025-07-04 00:55:29.738091+00
508,Milton,Ager,"",,,2025-07-03 04:00:00+00,2025-07-03 04:00:00+00
509,G.,Agostini,"",,,2025-07-03 04:00:00+00,2025-07-03 04:00:00+00
510,Howard E.,Akers,"",,,2025-07-03 04:00:00+00,2025-07-03 04:00:00+00
511,Russell,Alexander,"",,,2025-07-03 04:00:00+00,2025-07-03 04:00:00+00
512,Harry L.,Alford,"",,,2025-07-03 04:00:00+00,2025-07-03 04:00:00+00
514,Thomas,Allen,"",,,2025-07-03 04:00:00+00,2025-07-03 04:00:00+00
515,Jean Baptiste,Arban,"",,,2025-07-03 04:00:00+00,2025-07-03 04:00:00+00
517,Malcolm,Arnold,"",,,2025-07-03 04:00:00+00,2025-07-03 04:00:00+00
518,Howard,Ashman,"",,,2025-07-03 04:00:00+00,2025-07-03 04:00:00+00
519,"",B/K,"",,,2025-07-03 04:00:00+00,2025-07-03 04:00:00+00
520,"",Babich,"",,,2025-07-03 04:00:00+00,2025-07-03 04:00:00+00
521,Abert,Bach,"",,,2025-07-03 04:00:00+00,2025-07-03 04:00:00+00
523,E. E.,Bagley,"",,,2025-07-03 04:00:00+00,2025-07-03 04:00:00+00
524,Glen Cliffe,Bainum,"",,,2025-07-03 04:00:00+00,2025-07-03 04:00:00+00
525,G.,Balay,"",,,2025-07-03 04:00:00+00,2025-07-03 04:00:00+00
526,Ernest T.,Ball,"",,,2025-07-03 04:00:00+00,2025-07-03 04:00:00+00
527,Warren,Barker,"",,,2025-07-03 04:00:00+00,2025-07-03 04:00:00+00
528,George D.,Barnard,"",,,2025-07-03 04:00:00+00,2025-07-03 04:00:00+00
529,James,Barnes,"",,,2025-07-03 04:00:00+00,2025-07-03 04:00:00+00
530,Roger,Barsotti,"",,,2025-07-03 04:00:00+00,2025-07-03 04:00:00+00
531,Ray,Bauduc,"",,,2025-07-03 04:00:00+00,2025-07-03 04:00:00+00
532,Eily,Beadell,"",,,2025-07-03 04:00:00+00,2025-07-03 04:00:00+00
533,Karel,Belohoubek,"",,,2025-07-03 04:00:00+00,2025-07-03 04:00:00+00
534,Ludwig van,Bencrisutto,"",,,2025-07-03 04:00:00+00,2025-07-03 04:00:00+00
535,Tex,Beneke,"",,,2025-07-03 04:00:00+00,2025-07-03 04:00:00+00
536,David,Bennett,"",,,2025-07-03 04:00:00+00,2025-07-03 04:00:00+00
537,Robert Russell,Bennett,"",,,2025-07-03 04:00:00+00,2025-07-03 04:00:00+00
538,Warren,Benson,"",,,2025-07-03 04:00:00+00,2025-07-03 04:00:00+00
539,Charles,Benter,"",,,2025-07-03 04:00:00+00,2025-07-03 04:00:00+00
37,Irving,Berlin,"",,,2025-07-03 04:00:00+00,2025-07-03 04:00:00+00
38,Hector,Berlioz,"",,,2025-07-03 04:00:00+00,2025-07-03 04:00:00+00
39,Elmer,Bernstein,"",,,2025-07-03 04:00:00+00,2025-07-03 04:00:00+00
40,Leonard,Bernstein,"",,,2025-07-03 04:00:00+00,2025-07-03 04:00:00+00
41,F. E.,Bigelow,"",,,2025-07-03 04:00:00+00,2025-07-03 04:00:00+00
42,Jerry,Bilik,"",,,2025-07-03 04:00:00+00,2025-07-03 04:00:00+00
43,Ronald,Binge,"",,,2025-07-03 04:00:00+00,2025-07-03 04:00:00+00
44,Eubie,Blake,"",,,2025-07-03 04:00:00+00,2025-07-03 04:00:00+00
45,R. I.,Blankenburg,"",,,2025-07-03 04:00:00+00,2025-07-03 04:00:00+00
46,E.,Boccalari,"",,,2025-07-03 04:00:00+00,2025-07-03 04:00:00+00
47,Jerry,Bock,"",,,2025-07-03 04:00:00+00,2025-07-03 04:00:00+00
48,J. G.,Boehme,"",,,2025-07-03 04:00:00+00,2025-07-03 04:00:00+00
49,William,Bolcom,"",,,2025-07-03 04:00:00+00,2025-07-03 04:00:00+00
50,G.,Bonelli,"",,,2025-07-03 04:00:00+00,2025-07-03 04:00:00+00
51,W. H.,Boom,"",,,2025-07-03 04:00:00+00,2025-07-03 04:00:00+00
52,Louis,Boyer,"",,,2025-07-03 04:00:00+00,2025-07-03 04:00:00+00
53,"",Boyer,"",,,2025-07-03 04:00:00+00,2025-07-03 04:00:00+00
55,Johannes,Brahms,"",,,2025-07-03 04:00:00+00,2025-07-03 04:00:00+00
56,Har,Brasch,"",,,2025-07-03 04:00:00+00,2025-07-03 04:00:00+00
57,Houston,Bright,"",,,2025-07-03 04:00:00+00,2025-07-03 04:00:00+00
58,J. 0.,Brockenshire,"",,,2025-07-03 04:00:00+00,2025-07-03 04:00:00+00
59,Daniel,Bukvich,"",,,2025-07-03 04:00:00+00,2025-07-03 04:00:00+00
60,William,Byrd,"",,,2025-07-03 04:00:00+00,2025-07-03 04:00:00+00
61,John,Cacavas,"",,,2025-07-03 04:00:00+00,2025-07-03 04:00:00+00
62,Lucien,Cailliet,"",,,2025-07-03 04:00:00+00,2025-07-03 04:00:00+00
63,Bruce,Campbell,"",,,2025-07-03 04:00:00+00,2025-07-03 04:00:00+00
65,Ernest 0.,Caneva,"",,,2025-07-03 04:00:00+00,2025-07-03 04:00:00+00
444,Antonio,Vivaldi,"",,,2025-07-03 04:00:00+00,2025-07-03 04:00:00+00
66,Eduardo di ,Capua,"",,,2025-07-03 04:00:00+00,2025-07-03 04:00:00+00
67,Phil,Cardew,"",,,2025-07-03 04:00:00+00,2025-07-03 04:00:00+00
68,Romeo,Cascarino,"",,,2025-07-03 04:00:00+00,2025-07-03 04:00:00+00
69,Philip,Catelinet,"",,,2025-07-03 04:00:00+00,2025-07-03 04:00:00+00
70,Jim Andy,Caud ill,"",,,2025-07-03 04:00:00+00,2025-07-03 04:00:00+00
71,Peter,Cetera,"",,,2025-07-03 04:00:00+00,2025-07-03 04:00:00+00
72,Em.,Chabrier,"",,,2025-07-03 04:00:00+00,2025-07-03 04:00:00+00
73,W. Pans,Chambers,"",,,2025-07-03 04:00:00+00,2025-07-03 04:00:00+00
74,John Barnes,Chance,"",,,2025-07-03 04:00:00+00,2025-07-03 04:00:00+00
75,Frank,Charles,"",,,2025-07-03 04:00:00+00,2025-07-03 04:00:00+00
76,Jay A.,Chattaway,"",,,2025-07-03 04:00:00+00,2025-07-03 04:00:00+00
77,James,Christensen,"",,,2025-07-03 04:00:00+00,2025-07-03 04:00:00+00
78,Oscar E.,Christensen,"",,,2025-07-03 04:00:00+00,2025-07-03 04:00:00+00
79,Herbert L.,Clarke,"",,,2025-07-03 04:00:00+00,2025-07-03 04:00:00+00
80,Robert,Clerisse,"",,,2025-07-03 04:00:00+00,2025-07-03 04:00:00+00
81,Eric,Coates,"",,,2025-07-03 04:00:00+00,2025-07-03 04:00:00+00
82,Frank D.,Cofield,"",,,2025-07-03 04:00:00+00,2025-07-03 04:00:00+00
83,George M.,Cohan,"",,,2025-07-03 04:00:00+00,2025-07-03 04:00:00+00
84,Carleton,Colby,"",,,2025-07-03 04:00:00+00,2025-07-03 04:00:00+00
85,Michael,Colgrass,"",,,2025-07-03 04:00:00+00,2025-07-03 04:00:00+00
86,Phil,Collins,"",,,2025-07-03 04:00:00+00,2025-07-03 04:00:00+00
87,E.,Coole,"",,,2025-07-03 04:00:00+00,2025-07-03 04:00:00+00
88,Aaron,Copland,"",,,2025-07-03 04:00:00+00,2025-07-03 04:00:00+00
89,Robert,Crawford,"",,,2025-07-03 04:00:00+00,2025-07-03 04:00:00+00
90,Giuseppe,Creatore,"",,,2025-07-03 04:00:00+00,2025-07-03 04:00:00+00
91,Paul,Creston,"",,,2025-07-03 04:00:00+00,2025-07-03 04:00:00+00
92,H. J.,Crosby,"",,,2025-07-03 04:00:00+00,2025-07-03 04:00:00+00
93,James,Curnow,"",,,2025-07-03 04:00:00+00,2025-07-03 04:00:00+00
94,Frederic,Curzon,"",,,2025-07-03 04:00:00+00,2025-07-03 04:00:00+00
95,Calvin,Custer,"",,,2025-07-03 04:00:00+00,2025-07-03 04:00:00+00
96,Larry,Daehn,"",,,2025-07-03 04:00:00+00,2025-07-03 04:00:00+00
97,"Thomas F.,",Darcy,"",,,2025-07-03 04:00:00+00,2025-07-03 04:00:00+00
98,J.,Davenport,"",,,2025-07-03 04:00:00+00,2025-07-03 04:00:00+00
99,Albert 0.,Davis,"",,,2025-07-03 04:00:00+00,2025-07-03 04:00:00+00
100,M. V.,De Campo,"",,,2025-07-03 04:00:00+00,2025-07-03 04:00:00+00
101,Camille,de Nardis,"",,,2025-07-03 04:00:00+00,2025-07-03 04:00:00+00
102,Elliot,Del Borgo,"",,,2025-07-03 04:00:00+00,2025-07-03 04:00:00+00
103,Leo,Delibes,"",,,2025-07-03 04:00:00+00,2025-07-03 04:00:00+00
104,D.,Delle Cese,"",,,2025-07-03 04:00:00+00,2025-07-03 04:00:00+00
105,Norman,Dello Joio,"",,,2025-07-03 04:00:00+00,2025-07-03 04:00:00+00
106,Lu,Denza,"",,,2025-07-03 04:00:00+00,2025-07-03 04:00:00+00
107,"",DeSylva,"",,,2025-07-03 04:00:00+00,2025-07-03 04:00:00+00
108,Walter,Donaldson,"",,,2025-07-03 04:00:00+00,2025-07-03 04:00:00+00
109,Antonin,Dvorak,"",,,2025-07-03 04:00:00+00,2025-07-03 04:00:00+00
110,Gus,Edwards,"",,,2025-07-03 04:00:00+00,2025-07-03 04:00:00+00
111,Sherman,Edwards,"",,,2025-07-03 04:00:00+00,2025-07-03 04:00:00+00
112,Louis,Elbel,"",,,2025-07-03 04:00:00+00,2025-07-03 04:00:00+00
113,Edward,Elgar,"",,,2025-07-03 04:00:00+00,2025-07-03 04:00:00+00
114,Duke,Ellington,"",,,2025-07-03 04:00:00+00,2025-07-03 04:00:00+00
115,Zo,Elliott,"",,,2025-07-03 04:00:00+00,2025-07-03 04:00:00+00
116,Dan,Emmett,"",,,2025-07-03 04:00:00+00,2025-07-03 04:00:00+00
117,Jack,End,"",,,2025-07-03 04:00:00+00,2025-07-03 04:00:00+00
118,Frank,Erickson,"",,,2025-07-03 04:00:00+00,2025-07-03 04:00:00+00
119,Eric,Ewazen,"",,,2025-07-03 04:00:00+00,2025-07-03 04:00:00+00
120,0. R.,Farrar,"",,,2025-07-03 04:00:00+00,2025-07-03 04:00:00+00
121,Henry,Fillmore,"",,,2025-07-03 04:00:00+00,2025-07-03 04:00:00+00
123,Bill,Finegan,"",,,2025-07-03 04:00:00+00,2025-07-03 04:00:00+00
124,Walter,Finlayson,"",,,2025-07-03 04:00:00+00,2025-07-03 04:00:00+00
125,Ge,Forrest,"",,,2025-07-03 04:00:00+00,2025-07-03 04:00:00+00
126,Robert,Foster,"",,,2025-07-03 04:00:00+00,2025-07-03 04:00:00+00
127,"",Foster,"",,,2025-07-03 04:00:00+00,2025-07-03 04:00:00+00
128,Richard,Fote,"",,,2025-07-03 04:00:00+00,2025-07-03 04:00:00+00
129,Arthur,Frackenpohl,"",,,2025-07-03 04:00:00+00,2025-07-03 04:00:00+00
130,S. V.,Francis,"",,,2025-07-03 04:00:00+00,2025-07-03 04:00:00+00
131,Jose,Franco,"",,,2025-07-03 04:00:00+00,2025-07-03 04:00:00+00
132,Girolamo,Frescobaldi,"",,,2025-07-03 04:00:00+00,2025-07-03 04:00:00+00
133,George,Frock,"",,,2025-07-03 04:00:00+00,2025-07-03 04:00:00+00
135,Giovanni,Gabrieli,"",,,2025-07-03 04:00:00+00,2025-07-03 04:00:00+00
136,Jacob,Gade,"",,,2025-07-03 04:00:00+00,2025-07-03 04:00:00+00
138,Livingston,Gearhart,"",,,2025-07-03 04:00:00+00,2025-07-03 04:00:00+00
139,George,Gershwin,"",,,2025-07-03 04:00:00+00,2025-07-03 04:00:00+00
140,John,Gibson,"",,,2025-07-03 04:00:00+00,2025-07-03 04:00:00+00
141,Ray,Gilbert,"",,,2025-07-03 04:00:00+00,2025-07-03 04:00:00+00
142,Don,Gillis,"",,,2025-07-03 04:00:00+00,2025-07-03 04:00:00+00
143,Alberto,Ginistera,"",,,2025-07-03 04:00:00+00,2025-07-03 04:00:00+00
144,"",Giordano,"",,,2025-07-03 04:00:00+00,2025-07-03 04:00:00+00
145,Caesar,Giovannini,"",,,2025-07-03 04:00:00+00,2025-07-03 04:00:00+00
146,Reinhold,Gliere,"",,,2025-07-03 04:00:00+00,2025-07-03 04:00:00+00
147,Michael,Glinka,"",,,2025-07-03 04:00:00+00,2025-07-03 04:00:00+00
148,"",Godwin,"",,,2025-07-03 04:00:00+00,2025-07-03 04:00:00+00
149,Ernest,Gold,"",,,2025-07-03 04:00:00+00,2025-07-03 04:00:00+00
151,Jerry,Goldsmith,"",,,2025-07-03 04:00:00+00,2025-07-03 04:00:00+00
152,Morton,Gould,"",,,2025-07-03 04:00:00+00,2025-07-03 04:00:00+00
153,C. S.,Grafulla,"",,,2025-07-03 04:00:00+00,2025-07-03 04:00:00+00
155,Bernard,Green,"",,,2025-07-03 04:00:00+00,2025-07-03 04:00:00+00
156,Lee,Greenwood,"",,,2025-07-03 04:00:00+00,2025-07-03 04:00:00+00
157,Edward,Gregson,"",,,2025-07-03 04:00:00+00,2025-07-03 04:00:00+00
158,Edward,Grieg,"",,,2025-07-03 04:00:00+00,2025-07-03 04:00:00+00
159,Ferde,Grofe,"",,,2025-07-03 04:00:00+00,2025-07-03 04:00:00+00
160,Edmund L.,Gruber,"",,,2025-07-03 04:00:00+00,2025-07-03 04:00:00+00
161,Clare,Grundman,"",,,2025-07-03 04:00:00+00,2025-07-03 04:00:00+00
162,Carlos,Guermo,"",,,2025-07-03 04:00:00+00,2025-07-03 04:00:00+00
163,T. H.,Guild,"",,,2025-07-03 04:00:00+00,2025-07-03 04:00:00+00
164,Alexandre,Guilmant,"",,,2025-07-03 04:00:00+00,2025-07-03 04:00:00+00
165,Bob,Haggart,"",,,2025-07-03 04:00:00+00,2025-07-03 04:00:00+00
166,Albert,Hague,"",,,2025-07-03 04:00:00+00,2025-07-03 04:00:00+00
167,Ja,Hale,"",,,2025-07-03 04:00:00+00,2025-07-03 04:00:00+00
168,Ellis B.,Hall,"",,,2025-07-03 04:00:00+00,2025-07-03 04:00:00+00
169,R. B.,Hall,"",,,2025-07-03 04:00:00+00,2025-07-03 04:00:00+00
170,George Frederic,Handel,"",,,2025-07-03 04:00:00+00,2025-07-03 04:00:00+00
171,W. C.,Handy,"",,,2025-07-03 04:00:00+00,2025-07-03 04:00:00+00
172,Johnanes,Hannsen,"",,,2025-07-03 04:00:00+00,2025-07-03 04:00:00+00
173,Howard,Hanson,"",,,2025-07-03 04:00:00+00,2025-07-03 04:00:00+00
174,E. Y.,Harburg,"",,,2025-07-03 04:00:00+00,2025-07-03 04:00:00+00
175,B,Hardin,"",,,2025-07-03 04:00:00+00,2025-07-03 04:00:00+00
176,Leigh,Harline,"",,,2025-07-03 04:00:00+00,2025-07-03 04:00:00+00
177,Paul,Hart,"",,,2025-07-03 04:00:00+00,2025-07-03 04:00:00+00
178,Lumir C.,Havlicek,"",,,2025-07-03 04:00:00+00,2025-07-03 04:00:00+00
179,Joseph,Haydn,"",,,2025-07-03 04:00:00+00,2025-07-03 04:00:00+00
180,Michael,Haydn,"",,,2025-07-03 04:00:00+00,2025-07-03 04:00:00+00
181,Al,Hayes,"",,,2025-07-03 04:00:00+00,2025-07-03 04:00:00+00
182,T.,Hayes,"",,,2025-07-03 04:00:00+00,2025-07-03 04:00:00+00
183,Edward,Hazel,"",,,2025-07-03 04:00:00+00,2025-07-03 04:00:00+00
185,J. C.,Heed,"",,,2025-07-03 04:00:00+00,2025-07-03 04:00:00+00
186,John,Heins,"",,,2025-07-03 04:00:00+00,2025-07-03 04:00:00+00
187,Jim,Henson,"",,,2025-07-03 04:00:00+00,2025-07-03 04:00:00+00
188,Victor ,Herbert,"",,,2025-07-03 04:00:00+00,2025-07-03 04:00:00+00
189,Jerry ,Herman,"",,,2025-07-03 04:00:00+00,2025-07-03 04:00:00+00
190,Ralph,Hermann,"",,,2025-07-03 04:00:00+00,2025-07-03 04:00:00+00
191,L. J. F.,Herold,"",,,2025-07-03 04:00:00+00,2025-07-03 04:00:00+00
192,John,Higgins,"",,,2025-07-03 04:00:00+00,2025-07-03 04:00:00+00
194,Edward,Hines,"",,,2025-07-03 04:00:00+00,2025-07-03 04:00:00+00
195,G. E.,Holmes,"",,,2025-07-03 04:00:00+00,2025-07-03 04:00:00+00
197,James,Horner,"",,,2025-07-03 04:00:00+00,2025-07-03 04:00:00+00
199,Col. George ,Howard,"",,,2025-07-03 04:00:00+00,2025-07-03 04:00:00+00
200,Will,Huff,"",,,2025-07-03 04:00:00+00,2025-07-03 04:00:00+00
201,Fred,Huffer,"",,,2025-07-03 04:00:00+00,2025-07-03 04:00:00+00
202,G. H.,Huffine,"",,,2025-07-03 04:00:00+00,2025-07-03 04:00:00+00
203,A. W.,Hughes,"",,,2025-07-03 04:00:00+00,2025-07-03 04:00:00+00
204,Engelbert,Humperdinck,"",,,2025-07-03 04:00:00+00,2025-07-03 04:00:00+00
205,"",Hunsberger,"",,,2025-07-03 04:00:00+00,2025-07-03 04:00:00+00
206,Herman,Hupfeld,"",,,2025-07-03 04:00:00+00,2025-07-03 04:00:00+00
207,"",Ippolitov-lvanov,"",,,2025-07-03 04:00:00+00,2025-07-03 04:00:00+00
208,Merle & Cliff ,Isaac & Lillya,"",,,2025-07-03 04:00:00+00,2025-07-03 04:00:00+00
209,J,Ivanovici,"",,,2025-07-03 04:00:00+00,2025-07-03 04:00:00+00
210,Charles,Ives,"",,,2025-07-03 04:00:00+00,2025-07-03 04:00:00+00
211,Michael,Jackson,"",,,2025-07-03 04:00:00+00,2025-07-03 04:00:00+00
212,Gordon,Jacob,"",,,2025-07-03 04:00:00+00,2025-07-03 04:00:00+00
213,Don,Jacoby ,"",,,2025-07-03 04:00:00+00,2025-07-03 04:00:00+00
214,Robert,Jager,"",,,2025-07-03 04:00:00+00,2025-07-03 04:00:00+00
215,Ralph C.,Jarrett,"",,,2025-07-03 04:00:00+00,2025-07-03 04:00:00+00
216,Joseph Willcox,Jenkins,"",,,2025-07-03 04:00:00+00,2025-07-03 04:00:00+00
217,Leon,Jessel,"",,,2025-07-03 04:00:00+00,2025-07-03 04:00:00+00
218,Fred,Jewell,"",,,2025-07-03 04:00:00+00,2025-07-03 04:00:00+00
219,James P.,Johnson,"",,,2025-07-03 04:00:00+00,2025-07-03 04:00:00+00
220,"",Jolson,"",,,2025-07-03 04:00:00+00,2025-07-03 04:00:00+00
221,Scott,Joplin,"",,,2025-07-03 04:00:00+00,2025-07-03 04:00:00+00
222,Gus,Kahn,"",,,2025-07-03 04:00:00+00,2025-07-03 04:00:00+00
223,Brant,Karrick,"",,,2025-07-03 04:00:00+00,2025-07-03 04:00:00+00
224,Hershy,Kay,"",,,2025-07-03 04:00:00+00,2025-07-03 04:00:00+00
225,Don,Keller,"",,,2025-07-03 04:00:00+00,2025-07-03 04:00:00+00
226,George,Kenny,"",,,2025-07-03 04:00:00+00,2025-07-03 04:00:00+00
227,Fred,Kepner,"",,,2025-07-03 04:00:00+00,2025-07-03 04:00:00+00
228,Jerome,Kern,"",,,2025-07-03 04:00:00+00,2025-07-03 04:00:00+00
229,Albert W.,Ketelbey,"",,,2025-07-03 04:00:00+00,2025-07-03 04:00:00+00
230,Francis Scott,Key,"",,,2025-07-03 04:00:00+00,2025-07-03 04:00:00+00
231,Aram,Khachaturian,"",,,2025-07-03 04:00:00+00,2025-07-03 04:00:00+00
232,W. H.,Kiefer,"",,,2025-07-03 04:00:00+00,2025-07-03 04:00:00+00
233,Karl L.,King,"",,,2025-07-03 04:00:00+00,2025-07-03 04:00:00+00
234,Wayne,King,"",,,2025-07-03 04:00:00+00,2025-07-03 04:00:00+00
235,Theron,Kirk,"",,,2025-07-03 04:00:00+00,2025-07-03 04:00:00+00
236,CynlI,Kistler,"",,,2025-07-03 04:00:00+00,2025-07-03 04:00:00+00
237,George,Kleinsinger,"",,,2025-07-03 04:00:00+00,2025-07-03 04:00:00+00
238,John N.,Klohr,"",,,2025-07-03 04:00:00+00,2025-07-03 04:00:00+00
239,Thomas,Knox,"",,,2025-07-03 04:00:00+00,2025-07-03 04:00:00+00
240,Jeff,Kressler,"",,,2025-07-03 04:00:00+00,2025-07-03 04:00:00+00
241,"",Kynaston,"",,,2025-07-03 04:00:00+00,2025-07-03 04:00:00+00
243,Homer,LaGassey,"",,,2025-07-03 04:00:00+00,2025-07-03 04:00:00+00
244,Francis,Lai,"",,,2025-07-03 04:00:00+00,2025-07-03 04:00:00+00
245,F. I.,Lankey,"",,,2025-07-03 04:00:00+00,2025-07-03 04:00:00+00
246,Lars-Erik,Larsson,"",,,2025-07-03 04:00:00+00,2025-07-03 04:00:00+00
247,Keith P.,Latey,"",,,2025-07-03 04:00:00+00,2025-07-03 04:00:00+00
248,"",Laurendeau,"",,,2025-07-03 04:00:00+00,2025-07-03 04:00:00+00
249,Paul,Lavalle,"",,,2025-07-03 04:00:00+00,2025-07-03 04:00:00+00
250,H.,Lazarus,"",,,2025-07-03 04:00:00+00,2025-07-03 04:00:00+00
251,E. J.,Leach,"",,,2025-07-03 04:00:00+00,2025-07-03 04:00:00+00
252,Lester,Lee,"",,,2025-07-03 04:00:00+00,2025-07-03 04:00:00+00
253,Pierre,Leemans,"",,,2025-07-03 04:00:00+00,2025-07-03 04:00:00+00
254,Erik,Leidzen,"",,,2025-07-03 04:00:00+00,2025-07-03 04:00:00+00
255,Mitch,Leigh,"",,,2025-07-03 04:00:00+00,2025-07-03 04:00:00+00
256,Chester,Leoni,"",,,2025-07-03 04:00:00+00,2025-07-03 04:00:00+00
257,Adam P.,Lesinsky,"",,,2025-07-03 04:00:00+00,2025-07-03 04:00:00+00
258,Henderson,"Lewis, Young, and","",,,2025-07-03 04:00:00+00,2025-07-03 04:00:00+00
259,Norman,Leyden,"",,,2025-07-03 04:00:00+00,2025-07-03 04:00:00+00
260,Paul,Lincke,"",,,2025-07-03 04:00:00+00,2025-07-03 04:00:00+00
261,Harry J.,Lincoln,"",,,2025-07-03 04:00:00+00,2025-07-03 04:00:00+00
262,Alex F.,Lithgow,"",,,2025-07-03 04:00:00+00,2025-07-03 04:00:00+00
263,Larry,Livingston,"",,,2025-07-03 04:00:00+00,2025-07-03 04:00:00+00
264,Frank,Loesser,"",,,2025-07-03 04:00:00+00,2025-07-03 04:00:00+00
265,Frederick,Loewe,"",,,2025-07-03 04:00:00+00,2025-07-03 04:00:00+00
266,Robert,Logan,"",,,2025-07-03 04:00:00+00,2025-07-03 04:00:00+00
267,Newell H.,Long,"",,,2025-07-03 04:00:00+00,2025-07-03 04:00:00+00
268,Howard,Loomis,"",,,2025-07-03 04:00:00+00,2025-07-03 04:00:00+00
269,S.,Lope,"",,,2025-07-03 04:00:00+00,2025-07-03 04:00:00+00
270,Ronald,LoPresti,"",,,2025-07-03 04:00:00+00,2025-07-03 04:00:00+00
271,F. H.,Losey,"",,,2025-07-03 04:00:00+00,2025-07-03 04:00:00+00
272,Ernst,Luthold,"",,,2025-07-03 04:00:00+00,2025-07-03 04:00:00+00
273,Carl,Mader,"",,,2025-07-03 04:00:00+00,2025-07-03 04:00:00+00
274,Gustav,Mahler,"",,,2025-07-03 04:00:00+00,2025-07-03 04:00:00+00
275,Timothy,Mahr,"",,,2025-07-03 04:00:00+00,2025-07-03 04:00:00+00
276,Albert Hay,Malotte,"",,,2025-07-03 04:00:00+00,2025-07-03 04:00:00+00
277,Richard,Maltby,"",,,2025-07-03 04:00:00+00,2025-07-03 04:00:00+00
278,Henry,Mancini,"",,,2025-07-03 04:00:00+00,2025-07-03 04:00:00+00
279,Barry,Manilow,"",,,2025-07-03 04:00:00+00,2025-07-03 04:00:00+00
280,Ze,Manner,"",,,2025-07-03 04:00:00+00,2025-07-03 04:00:00+00
281,Bert,Mannin,"",,,2025-07-03 04:00:00+00,2025-07-03 04:00:00+00
282,Simone,Mantia,"",,,2025-07-03 04:00:00+00,2025-07-03 04:00:00+00
283,Pascual,Marquina,"",,,2025-07-03 04:00:00+00,2025-07-03 04:00:00+00
284,David,Maslanka,"",,,2025-07-03 04:00:00+00,2025-07-03 04:00:00+00
285,"",Massenet,"",,,2025-07-03 04:00:00+00,2025-07-03 04:00:00+00
286,W. Francis,McBeth,"",,,2025-07-03 04:00:00+00,2025-07-03 04:00:00+00
287,Robert,McBride,"",,,2025-07-03 04:00:00+00,2025-07-03 04:00:00+00
288,Earl E.,McCoy,"",,,2025-07-03 04:00:00+00,2025-07-03 04:00:00+00
289,James,McLeod,"",,,2025-07-03 04:00:00+00,2025-07-03 04:00:00+00
290,F. W.,Meacham,"",,,2025-07-03 04:00:00+00,2025-07-03 04:00:00+00
291,Felix,Mendelssohn,"",,,2025-07-03 04:00:00+00,2025-07-03 04:00:00+00
292,Alan,Menken,"",,,2025-07-03 04:00:00+00,2025-07-03 04:00:00+00
293,Peter,Mennin,"",,,2025-07-03 04:00:00+00,2025-07-03 04:00:00+00
294,Ted,Mesang,"",,,2025-07-03 04:00:00+00,2025-07-03 04:00:00+00
295,A. Stephen,Miescer,"",,,2025-07-03 04:00:00+00,2025-07-03 04:00:00+00
296,Bill,Moffit,"",,,2025-07-03 04:00:00+00,2025-07-03 04:00:00+00
297,John J.,Momssey,"",,,2025-07-03 04:00:00+00,2025-07-03 04:00:00+00
298,"",Monterde,"",,,2025-07-03 04:00:00+00,2025-07-03 04:00:00+00
299,Donald I.,Moore,"",,,2025-07-03 04:00:00+00,2025-07-03 04:00:00+00
300,Robi,Moore,"",,,2025-07-03 04:00:00+00,2025-07-03 04:00:00+00
301,Lucille,Morris,"",,,2025-07-03 04:00:00+00,2025-07-03 04:00:00+00
302,C. S.,Morrison,"",,,2025-07-03 04:00:00+00,2025-07-03 04:00:00+00
303,John J.,Morrissey,"",,,2025-07-03 04:00:00+00,2025-07-03 04:00:00+00
305,John,Moss,"",,,2025-07-03 04:00:00+00,2025-07-03 04:00:00+00
304,Robert Gorham,Morse,"",,,2025-07-03 04:00:00+00,2025-07-10 01:12:19.070743+00
306,Bennie,Moten,"",,,2025-07-03 04:00:00+00,2025-07-03 04:00:00+00
307,Modeste,Moussorgsky,"",,,2025-07-03 04:00:00+00,2025-07-03 04:00:00+00
308,Wolfgang A.,Mozart,"",,,2025-07-03 04:00:00+00,2025-07-03 04:00:00+00
309,WIliam H.,Myddleton,"",,,2025-07-03 04:00:00+00,2025-07-03 04:00:00+00
310,Theldon,Myers,"",,,2025-07-03 04:00:00+00,2025-07-03 04:00:00+00
312,Ron,Nelson,"",,,2025-07-03 04:00:00+00,2025-07-03 04:00:00+00
313,Sammy,Nestico,"",,,2025-07-03 04:00:00+00,2025-07-03 04:00:00+00
314,Randy,Newman,"",,,2025-07-03 04:00:00+00,2025-07-03 04:00:00+00
315,Roger,Nichols,"",,,2025-07-03 04:00:00+00,2025-07-03 04:00:00+00
316,John,O�Reilly,"",,,2025-07-03 04:00:00+00,2025-07-03 04:00:00+00
318,"",Official US Navy B,"",,,2025-07-03 04:00:00+00,2025-07-03 04:00:00+00
319,Wayne,Oldham,"",,,2025-07-03 04:00:00+00,2025-07-03 04:00:00+00
320,A.,Olman,"",,,2025-07-03 04:00:00+00,2025-07-03 04:00:00+00
321,Glenn,Osser,"",,,2025-07-03 04:00:00+00,2025-07-03 04:00:00+00
322,Eric,Osterling,"",,,2025-07-03 04:00:00+00,2025-07-03 04:00:00+00
323,Leroy,Ostransky,"",,,2025-07-03 04:00:00+00,2025-07-03 04:00:00+00
324,Graham T.,Overgard,"",,,2025-07-03 04:00:00+00,2025-07-03 04:00:00+00
325,Jack,Owens,"",,,2025-07-03 04:00:00+00,2025-07-03 04:00:00+00
326,Jose,Padilla,"",,,2025-07-03 04:00:00+00,2025-07-03 04:00:00+00
327,G. Pierluigi,Palestrina,"",,,2025-07-03 04:00:00+00,2025-07-03 04:00:00+00
328,Frank A.,Panella,"",,,2025-07-03 04:00:00+00,2025-07-03 04:00:00+00
329,Louis,Panella,"",,,2025-07-03 04:00:00+00,2025-07-03 04:00:00+00
330,Marty,Panzer,"",,,2025-07-03 04:00:00+00,2025-07-03 04:00:00+00
331,Gabriel,Pares,"",,,2025-07-03 04:00:00+00,2025-07-03 04:00:00+00
332,Robert H.,Pearson,"",,,2025-07-03 04:00:00+00,2025-07-03 04:00:00+00
333,Frank,Perkins,"",,,2025-07-03 04:00:00+00,2025-07-03 04:00:00+00
334,Vincent,Persichetti,"",,,2025-07-03 04:00:00+00,2025-07-03 04:00:00+00
335,A,Pestalozza,"",,,2025-07-03 04:00:00+00,2025-07-03 04:00:00+00
336,Ted,Peterson,"",,,2025-07-03 04:00:00+00,2025-07-03 04:00:00+00
337,James D.,Ployhar,"",,,2025-07-03 04:00:00+00,2025-07-03 04:00:00+00
338,Eddie & George,Pole & Wyle,"",,,2025-07-03 04:00:00+00,2025-07-03 04:00:00+00
339,Cole,Porter,"",,,2025-07-03 04:00:00+00,2025-07-03 04:00:00+00
340,Sam,Pottle,"",,,2025-07-03 04:00:00+00,2025-07-03 04:00:00+00
341,Jacques,Press,"",,,2025-07-03 04:00:00+00,2025-07-03 04:00:00+00
342,Robert,Prince,"",,,2025-07-03 04:00:00+00,2025-07-03 04:00:00+00
343,Serge,Prokofiev,"",,,2025-07-03 04:00:00+00,2025-07-03 04:00:00+00
344,Arthur,Pryor,"",,,2025-07-03 04:00:00+00,2025-07-03 04:00:00+00
345,"",Pryor,"",,,2025-07-03 04:00:00+00,2025-07-03 04:00:00+00
346,"",Rado,"",,,2025-07-03 04:00:00+00,2025-07-03 04:00:00+00
347,"",Ragni,"",,,2025-07-03 04:00:00+00,2025-07-03 04:00:00+00
348,Maurice,Ravel,"",,,2025-07-03 04:00:00+00,2025-07-03 04:00:00+00
350,H. Owen,Reed,"",,,2025-07-03 04:00:00+00,2025-07-03 04:00:00+00
351,"",Regney,"",,,2025-07-03 04:00:00+00,2025-07-03 04:00:00+00
352,"",Rehmann,"",,,2025-07-03 04:00:00+00,2025-07-03 04:00:00+00
354,Ottorino,Respighi,"",,,2025-07-03 04:00:00+00,2025-07-03 04:00:00+00
355,J. J.,Richards,"",,,2025-07-03 04:00:00+00,2025-07-03 04:00:00+00
356,Clive,Richardson,"",,,2025-07-03 04:00:00+00,2025-07-03 04:00:00+00
357,Nickolai,Rimsky-Korsakov,"",,,2025-07-03 04:00:00+00,2025-07-03 04:00:00+00
358,Lionel,Ritchie,"",,,2025-07-03 04:00:00+00,2025-07-03 04:00:00+00
359,Charles J.,Roberts,"",,,2025-07-03 04:00:00+00,2025-07-03 04:00:00+00
360,Daniel A.,Robles,"",,,2025-07-03 04:00:00+00,2025-07-03 04:00:00+00
361,Richard,Rodgers,"",,,2025-07-03 04:00:00+00,2025-07-03 04:00:00+00
362,Juventino,Rosas,"",,,2025-07-03 04:00:00+00,2025-07-03 04:00:00+00
363,David,Rose,"",,,2025-07-03 04:00:00+00,2025-07-03 04:00:00+00
364,George,Rosey,"",,,2025-07-03 04:00:00+00,2025-07-03 04:00:00+00
365,Gioacchino,Rossini,"",,,2025-07-03 04:00:00+00,2025-07-03 04:00:00+00
366,Ron,Roullier,"",,,2025-07-03 04:00:00+00,2025-07-03 04:00:00+00
367,Miklos,Rozsa,"",,,2025-07-03 04:00:00+00,2025-07-03 04:00:00+00
368,Ralph,Rydholm,"",,,2025-07-03 04:00:00+00,2025-07-03 04:00:00+00
369,Barry,Sadler,"",,,2025-07-03 04:00:00+00,2025-07-03 04:00:00+00
371,Manano,San Miguel,"",,,2025-07-03 04:00:00+00,2025-07-03 04:00:00+00
372,J.,Sanderson,"",,,2025-07-03 04:00:00+00,2025-07-03 04:00:00+00
373,Bill,Sauter,"",,,2025-07-03 04:00:00+00,2025-07-03 04:00:00+00
374,A. Louis,Scarmolin,"",,,2025-07-03 04:00:00+00,2025-07-03 04:00:00+00
375,Willis,Schaefer,"",,,2025-07-03 04:00:00+00,2025-07-03 04:00:00+00
376,David,Schanke,"",,,2025-07-03 04:00:00+00,2025-07-03 04:00:00+00
377,Lalo,Schiffrin,"",,,2025-07-03 04:00:00+00,2025-07-03 04:00:00+00
378,William J.,Schinstine,"",,,2025-07-03 04:00:00+00,2025-07-03 04:00:00+00
379,Arnold,Schonberg,"",,,2025-07-03 04:00:00+00,2025-07-03 04:00:00+00
380,William,Schuman,"",,,2025-07-03 04:00:00+00,2025-07-03 04:00:00+00
381,Stephen,Schwartz,"",,,2025-07-03 04:00:00+00,2025-07-03 04:00:00+00
382,Ira P.,Schwarz,"",,,2025-07-03 04:00:00+00,2025-07-03 04:00:00+00
383,Roland F.,Seitz,"",,,2025-07-03 04:00:00+00,2025-07-03 04:00:00+00
384,Julius S.,Seredy,"",,,2025-07-03 04:00:00+00,2025-07-03 04:00:00+00
385,Larry,Shay,"",,,2025-07-03 04:00:00+00,2025-07-03 04:00:00+00
386,"",Shayne,"",,,2025-07-03 04:00:00+00,2025-07-03 04:00:00+00
387,John,Shea,"",,,2025-07-03 04:00:00+00,2025-07-03 04:00:00+00
388,Mich,Shea,"",,,2025-07-03 04:00:00+00,2025-07-03 04:00:00+00
389,R,Sherm,"",,,2025-07-03 04:00:00+00,2025-07-03 04:00:00+00
390,Richard,Sherman,"",,,2025-07-03 04:00:00+00,2025-07-03 04:00:00+00
391,Dimitri,Shostakovich,"",,,2025-07-03 04:00:00+00,2025-07-03 04:00:00+00
392,Harry,Simeone,"",,,2025-07-03 04:00:00+00,2025-07-03 04:00:00+00
393,Frank,Simon,"",,,2025-07-03 04:00:00+00,2025-07-03 04:00:00+00
394,Paul,Simon,"",,,2025-07-03 04:00:00+00,2025-07-03 04:00:00+00
395,Noble,Sissle,"",,,2025-07-03 04:00:00+00,2025-07-03 04:00:00+00
396,W. L.,Skaggs,"",,,2025-07-03 04:00:00+00,2025-07-03 04:00:00+00
397,Red,Skelton,"",,,2025-07-03 04:00:00+00,2025-07-03 04:00:00+00
398,Frank,Skinner,"",,,2025-07-03 04:00:00+00,2025-07-03 04:00:00+00
399,Claude T.,Smith,"",,,2025-07-03 04:00:00+00,2025-07-03 04:00:00+00
400,John Staffor ,Smith,"",,,2025-07-03 04:00:00+00,2025-07-03 04:00:00+00
401,"",Smith,"",,,2025-07-03 04:00:00+00,2025-07-03 04:00:00+00
402,Harry,Sosnik,"",,,2025-07-03 04:00:00+00,2025-07-03 04:00:00+00
403,John Philip,Sousa,"",,,2025-07-03 04:00:00+00,2025-07-03 04:00:00+00
404,Philip,Sparke,"",,,2025-07-03 04:00:00+00,2025-07-03 04:00:00+00
405,F. J.,St. Clair,"",,,2025-07-03 04:00:00+00,2025-07-03 04:00:00+00
406,Jack,Stamp,"",,,2025-07-03 04:00:00+00,2025-07-03 04:00:00+00
407,John,Stanley,"",,,2025-07-03 04:00:00+00,2025-07-03 04:00:00+00
408,William C.,Steere,"",,,2025-07-03 04:00:00+00,2025-07-03 04:00:00+00
409,William,Steffe,"",,,2025-07-03 04:00:00+00,2025-07-03 04:00:00+00
410,Max,Steiner,"",,,2025-07-03 04:00:00+00,2025-07-03 04:00:00+00
411,Theo.,Steinmetz,"",,,2025-07-03 04:00:00+00,2025-07-03 04:00:00+00
412,Glenn,Stevens,"",,,2025-07-03 04:00:00+00,2025-07-03 04:00:00+00
413,John,Stewart,"",,,2025-07-03 04:00:00+00,2025-07-03 04:00:00+00
414,Harry,Stone,"",,,2025-07-03 04:00:00+00,2025-07-03 04:00:00+00
416,Richard,Strauss,"",,,2025-07-03 04:00:00+00,2025-07-03 04:00:00+00
417,Charles,Strouse,"",,,2025-07-03 04:00:00+00,2025-07-03 04:00:00+00
418,Hugh M.,Stuart,"",,,2025-07-03 04:00:00+00,2025-07-03 04:00:00+00
419,Arthur,Sullivan,"",,,2025-07-03 04:00:00+00,2025-07-03 04:00:00+00
420,F. Von,Suppe,"",,,2025-07-03 04:00:00+00,2025-07-03 04:00:00+00
421,James,Swearingen,"",,,2025-07-03 04:00:00+00,2025-07-03 04:00:00+00
422,James L.,Tarver,"",,,2025-07-03 04:00:00+00,2025-07-03 04:00:00+00
423,John,Tatgenhorst,"",,,2025-07-03 04:00:00+00,2025-07-03 04:00:00+00
424,J. S.,Taylor,"",,,2025-07-03 04:00:00+00,2025-07-03 04:00:00+00
425,Otis,Taylor,"",,,2025-07-03 04:00:00+00,2025-07-03 04:00:00+00
426,C.,Teike,"",,,2025-07-03 04:00:00+00,2025-07-03 04:00:00+00
427,G. P.,Telemann,"",,,2025-07-03 04:00:00+00,2025-07-03 04:00:00+00
428,Jaime,Texidor,"",,,2025-07-03 04:00:00+00,2025-07-03 04:00:00+00
429,Ronald,Thielman,"",,,2025-07-03 04:00:00+00,2025-07-03 04:00:00+00
431,Nell,Toflerton,"",,,2025-07-03 04:00:00+00,2025-07-03 04:00:00+00
432,Mel,Torme,"",,,2025-07-03 04:00:00+00,2025-07-03 04:00:00+00
433,Peter I.,Tschaikovsky,"",,,2025-07-03 04:00:00+00,2025-07-03 04:00:00+00
434,"",Tschesnokoff,"",,,2025-07-03 04:00:00+00,2025-07-03 04:00:00+00
435,Terig,Tucci,"",,,2025-07-03 04:00:00+00,2025-07-03 04:00:00+00
436,A.,Turlet,"",,,2025-07-03 04:00:00+00,2025-07-03 04:00:00+00
437,Thomas,Tyra,"",,,2025-07-03 04:00:00+00,2025-07-03 04:00:00+00
438,Theo C.,Van Etten,"",,,2025-07-03 04:00:00+00,2025-07-03 04:00:00+00
439,"",various,"",,,2025-07-03 04:00:00+00,2025-07-03 04:00:00+00
440,Ralph,Vaughan Williams,"",,,2025-07-03 04:00:00+00,2025-07-03 04:00:00+00
441,Giuseppe,Verdi,"",,,2025-07-03 04:00:00+00,2025-07-03 04:00:00+00
442,M.,Vessella,"",,,2025-07-03 04:00:00+00,2025-07-03 04:00:00+00
443,Hector,VillaLobos,"",,,2025-07-03 04:00:00+00,2025-07-03 04:00:00+00
445,E. N.,von Resnicek,"",,,2025-07-03 04:00:00+00,2025-07-03 04:00:00+00
446,Albert,Von Tilzer,"",,,2025-07-03 04:00:00+00,2025-07-03 04:00:00+00
447,J. F.,Wagner,"",,,2025-07-03 04:00:00+00,2025-07-03 04:00:00+00
449,E.,Waldteufel,"",,,2025-07-03 04:00:00+00,2025-07-03 04:00:00+00
450,Harold L.,Walters,"",,,2025-07-03 04:00:00+00,2025-07-03 04:00:00+00
451,William,Walton,"",,,2025-07-03 04:00:00+00,2025-07-03 04:00:00+00
452,John,Wamngton,"",,,2025-07-03 04:00:00+00,2025-07-03 04:00:00+00
453,Samuel A.,Ward,"",,,2025-07-03 04:00:00+00,2025-07-03 04:00:00+00
454,Robert,Washburn,"",,,2025-07-03 04:00:00+00,2025-07-03 04:00:00+00
455,Bernard,Wayne,"",,,2025-07-03 04:00:00+00,2025-07-03 04:00:00+00
456,Jim,Webb,"",,,2025-07-03 04:00:00+00,2025-07-03 04:00:00+00
457,Andrew Lloyd,Webber,"",,,2025-07-03 04:00:00+00,2025-07-03 04:00:00+00
459,Paul,Webster,"",,,2025-07-03 04:00:00+00,2025-07-03 04:00:00+00
460,Jaromir,Weinberger,"",,,2025-07-03 04:00:00+00,2025-07-03 04:00:00+00
461,Percy,Wenrich,"",,,2025-07-03 04:00:00+00,2025-07-03 04:00:00+00
462,Floyd,Werle,"",,,2025-07-03 04:00:00+00,2025-07-03 04:00:00+00
463,Paul W.,Whear,"",,,2025-07-03 04:00:00+00,2025-07-03 04:00:00+00
464,Donald,White,"",,,2025-07-03 04:00:00+00,2025-07-03 04:00:00+00
465,William C.,White,"",,,2025-07-03 04:00:00+00,2025-07-03 04:00:00+00
466,Rudy,Wiedoeft,"",,,2025-07-03 04:00:00+00,2025-07-03 04:00:00+00
467,Clifton,Williams,"",,,2025-07-03 04:00:00+00,2025-07-03 04:00:00+00
468,Ernest S.,Williams,"",,,2025-07-03 04:00:00+00,2025-07-03 04:00:00+00
469,John,Williams,"",,,2025-07-03 04:00:00+00,2025-07-03 04:00:00+00
470,Pat,Williams,"",,,2025-07-03 04:00:00+00,2025-07-03 04:00:00+00
471,Paul,Williams,"",,,2025-07-03 04:00:00+00,2025-07-03 04:00:00+00
472,Meredith,Willson,"",,,2025-07-03 04:00:00+00,2025-07-03 04:00:00+00
473,Haydn,Wood,"",,,2025-07-03 04:00:00+00,2025-07-03 04:00:00+00
474,Robert,Wright,"",,,2025-07-03 04:00:00+00,2025-07-03 04:00:00+00
475,Allie,Wrubel,"",,,2025-07-03 04:00:00+00,2025-07-03 04:00:00+00
476,Paul,Yoder,"",,,2025-07-03 04:00:00+00,2025-07-03 04:00:00+00
477,Vincent,Youmans,"",,,2025-07-03 04:00:00+00,2025-07-03 04:00:00+00
478,Victor,Young,"",,,2025-07-03 04:00:00+00,2025-07-03 04:00:00+00
479,John,Zdechlik,"",,,2025-07-03 04:00:00+00,2025-07-03 04:00:00+00
480,Hans,Zimmer,"",,,2025-07-03 04:00:00+00,2025-07-03 04:00:00+00
481,Charles A.,Zimmermann,"",,,2025-07-03 04:00:00+00,2025-07-03 04:00:00+00
483,Jaroslav,Maren,"",,,2025-07-03 04:00:00+00,2025-07-03 04:00:00+00
484,John,Wasson,"",,,2025-07-03 04:00:00+00,2025-07-03 04:00:00+00
486,"",Puccini,"",,,2025-07-03 04:00:00+00,2025-07-03 04:00:00+00
487,Mark,Camphouse,"",,,2025-07-03 04:00:00+00,2025-07-03 04:00:00+00
489,David,Gillingham,"",,,2025-07-03 04:00:00+00,2025-07-03 04:00:00+00
490,Hugh,Martin,"",,,2025-07-03 04:00:00+00,2025-07-03 04:00:00+00
492,Dwayne,Milburn,"",,,2025-07-03 04:00:00+00,2025-07-03 04:00:00+00
493,James,Colonna,"",,,2025-07-03 04:00:00+00,2025-07-03 04:00:00+00
494,Richard,Addinsell,"",,,2025-07-03 04:00:00+00,2025-07-03 04:00:00+00
495,Richard,Saucedo,"",,,2025-07-03 04:00:00+00,2025-07-03 04:00:00+00
496,David,Wells,"",,,2025-07-03 04:00:00+00,2025-07-03 04:00:00+00
497,Lloyd,Larson,"",,,2025-07-03 04:00:00+00,2025-07-03 04:00:00+00
499,W. Roy,Mitchell,"",,,2025-07-03 04:00:00+00,2025-07-03 04:00:00+00
500,Robert,Spittal,"",,,2025-07-03 04:00:00+00,2025-07-03 04:00:00+00
502,Randol,Bass,"",,,2025-07-03 04:00:00+00,2025-07-03 04:00:00+00
503,Bernhard,Heiden,"",,,2025-07-03 04:00:00+00,2025-07-03 04:00:00+00
505,Boris,Kozhevnikov,"",,,2025-07-03 04:00:00+00,2025-07-03 04:00:00+00
506,Gary,Sullivan,"",,,2025-07-03 04:00:00+00,2025-07-03 04:00:00+00
1965,Catherine,McMichael,Michigan composer,,,2025-07-05 15:39:18.079878+00,2025-07-05 15:39:18.079893+00
