id,performance_order,date_added,date_updated,concert_id,music_id
71,1,2025-06-27 20:19:45.725426+00,2025-06-27 20:19:45.725447+00,2,8
72,2,2025-06-27 20:19:45.732205+00,2025-06-27 20:19:45.732225+00,2,9
73,3,2025-06-27 20:19:45.735261+00,2025-06-27 20:19:45.735278+00,2,10
74,4,2025-06-27 20:19:45.738216+00,2025-06-27 20:19:45.738233+00,2,11
75,5,2025-06-27 20:19:45.74102+00,2025-06-27 20:19:45.741064+00,2,12
76,6,2025-06-27 20:19:45.743795+00,2025-06-27 20:19:45.74381+00,2,13
77,7,2025-06-27 20:19:45.74642+00,2025-06-27 20:19:45.746434+00,2,14
85,1,2025-06-27 20:49:35.722431+00,2025-06-27 20:49:35.722446+00,3,15
86,2,2025-06-27 20:49:35.724688+00,2025-06-27 20:49:35.724701+00,3,16
87,3,2025-06-27 20:49:35.726513+00,2025-06-27 20:49:35.726525+00,3,17
88,4,2025-06-27 20:49:35.728302+00,2025-06-27 20:49:35.728313+00,3,18
89,5,2025-06-27 20:49:35.730236+00,2025-06-27 20:49:35.730247+00,3,19
90,6,2025-06-27 20:49:35.731716+00,2025-06-27 20:49:35.731725+00,3,20
91,7,2025-06-27 20:49:35.733062+00,2025-06-27 20:49:35.733071+00,3,21
99,1,2025-06-28 20:26:58.038811+00,2025-06-28 20:26:58.038827+00,4,22
100,2,2025-06-28 20:26:58.040932+00,2025-06-28 20:26:58.040942+00,4,23
101,3,2025-06-28 20:26:58.042291+00,2025-06-28 20:26:58.042301+00,4,24
102,4,2025-06-28 20:26:58.044067+00,2025-06-28 20:26:58.04408+00,4,25
103,5,2025-06-28 20:26:58.046008+00,2025-06-28 20:26:58.046019+00,4,26
104,6,2025-06-28 20:26:58.047932+00,2025-06-28 20:26:58.047944+00,4,27
105,7,2025-06-28 20:26:58.049869+00,2025-06-28 20:26:58.049881+00,4,28
106,1,2025-06-28 23:12:40.447232+00,2025-06-28 23:12:40.447244+00,5,29
107,2,2025-06-28 23:12:40.448952+00,2025-06-28 23:12:40.448962+00,5,30
108,3,2025-06-28 23:12:40.450672+00,2025-06-28 23:12:40.450683+00,5,31
109,4,2025-06-28 23:12:40.452184+00,2025-06-28 23:12:40.452194+00,5,32
110,5,2025-06-28 23:12:40.453576+00,2025-06-28 23:12:40.453586+00,5,33
111,6,2025-06-28 23:12:40.454975+00,2025-06-28 23:12:40.454984+00,5,7
112,7,2025-06-28 23:12:40.456419+00,2025-06-28 23:12:40.456428+00,5,4
113,1,2025-06-29 02:13:31.51828+00,2025-06-29 02:13:31.518296+00,6,34
114,2,2025-06-29 02:13:31.520656+00,2025-06-29 02:13:31.52067+00,6,35
115,3,2025-06-29 02:13:31.522836+00,2025-06-29 02:13:31.52285+00,6,36
116,4,2025-06-29 02:13:31.524769+00,2025-06-29 02:13:31.52478+00,6,37
117,5,2025-06-29 02:13:31.526826+00,2025-06-29 02:13:31.52684+00,6,38
118,6,2025-06-29 02:13:31.528821+00,2025-06-29 02:13:31.528834+00,6,39
119,7,2025-06-29 02:13:31.530701+00,2025-06-29 02:13:31.530713+00,6,40
120,8,2025-06-29 02:13:31.532571+00,2025-06-29 02:13:31.532584+00,6,41
121,9,2025-06-29 02:13:31.534291+00,2025-06-29 02:13:31.534302+00,6,42
122,10,2025-06-29 02:13:31.53635+00,2025-06-29 02:13:31.536363+00,6,43
125,1,2025-07-04 18:07:36.464808+00,2025-07-04 18:07:36.464819+00,8,969
126,2,2025-07-04 18:07:36.466154+00,2025-07-04 18:07:36.466162+00,8,1007
127,3,2025-07-04 18:07:36.467158+00,2025-07-04 18:07:36.467165+00,8,57
128,4,2025-07-04 18:07:36.468135+00,2025-07-04 18:07:36.468143+00,8,1037
129,5,2025-07-04 18:07:36.46917+00,2025-07-04 18:07:36.469178+00,8,716
130,6,2025-07-04 18:07:36.470164+00,2025-07-04 18:07:36.470171+00,8,95
131,7,2025-07-04 18:07:36.471142+00,2025-07-04 18:07:36.471149+00,8,890
132,8,2025-07-04 18:07:36.472291+00,2025-07-04 18:07:36.472303+00,8,388
133,9,2025-07-04 18:07:36.473947+00,2025-07-04 18:07:36.473959+00,8,762
134,10,2025-07-04 18:07:36.475658+00,2025-07-04 18:07:36.475671+00,8,386
135,11,2025-07-04 18:07:36.477397+00,2025-07-04 18:07:36.47741+00,8,785
136,12,2025-07-04 18:07:36.479133+00,2025-07-04 18:07:36.479147+00,8,1038
137,13,2025-07-04 18:07:36.480963+00,2025-07-04 18:07:36.480976+00,8,837
138,14,2025-07-04 18:07:36.482812+00,2025-07-04 18:07:36.482825+00,8,1039
139,15,2025-07-04 18:07:36.48465+00,2025-07-04 18:07:36.484664+00,8,729
157,1,2025-07-04 18:12:14.165756+00,2025-07-04 18:12:14.16577+00,7,969
158,2,2025-07-04 18:12:14.167536+00,2025-07-04 18:12:14.167547+00,7,1007
159,3,2025-07-04 18:12:14.169256+00,2025-07-04 18:12:14.16927+00,7,57
160,4,2025-07-04 18:12:14.170971+00,2025-07-04 18:12:14.170983+00,7,1037
161,5,2025-07-04 18:12:14.17281+00,2025-07-04 18:12:14.172823+00,7,716
162,6,2025-07-04 18:12:14.174709+00,2025-07-04 18:12:14.174721+00,7,95
163,7,2025-07-04 18:12:14.176601+00,2025-07-04 18:12:14.176615+00,7,890
164,8,2025-07-04 18:12:14.178473+00,2025-07-04 18:12:14.178487+00,7,388
165,9,2025-07-04 18:12:14.180396+00,2025-07-04 18:12:14.180409+00,7,762
166,10,2025-07-04 18:12:14.182458+00,2025-07-04 18:12:14.182472+00,7,386
167,11,2025-07-04 18:12:14.184526+00,2025-07-04 18:12:14.18454+00,7,785
168,12,2025-07-04 18:12:14.18664+00,2025-07-04 18:12:14.186656+00,7,1038
169,13,2025-07-04 18:12:14.188842+00,2025-07-04 18:12:14.188857+00,7,780
170,14,2025-07-04 18:12:14.191036+00,2025-07-04 18:12:14.191071+00,7,9
171,15,2025-07-04 18:12:14.193412+00,2025-07-04 18:12:14.193428+00,7,837
172,16,2025-07-04 18:12:14.195748+00,2025-07-04 18:12:14.195764+00,7,1039
173,17,2025-07-04 18:12:14.198024+00,2025-07-04 18:12:14.19804+00,7,729
184,1,2025-07-04 18:37:17.111556+00,2025-07-04 18:37:17.111591+00,9,264
185,2,2025-07-04 18:37:17.116295+00,2025-07-04 18:37:17.116324+00,9,1028
186,3,2025-07-04 18:37:17.12047+00,2025-07-04 18:37:17.1205+00,9,1041
187,4,2025-07-04 18:37:17.124537+00,2025-07-04 18:37:17.124567+00,9,1013
188,5,2025-07-04 18:37:17.128594+00,2025-07-04 18:37:17.128624+00,9,789
189,6,2025-07-04 18:37:17.13262+00,2025-07-04 18:37:17.132649+00,9,790
190,7,2025-07-04 18:37:17.13662+00,2025-07-04 18:37:17.136649+00,9,1042
191,8,2025-07-04 18:37:17.140629+00,2025-07-04 18:37:17.140659+00,9,915
192,9,2025-07-04 18:37:17.14461+00,2025-07-04 18:37:17.144639+00,9,1043
193,10,2025-07-04 18:37:17.148619+00,2025-07-04 18:37:17.148648+00,9,4
203,1,2025-07-05 15:56:33.088924+00,2025-07-05 15:56:33.088939+00,10,1044
204,2,2025-07-05 15:56:33.090867+00,2025-07-05 15:56:33.090882+00,10,1045
205,3,2025-07-05 15:56:33.092821+00,2025-07-05 15:56:33.092835+00,10,1046
206,4,2025-07-05 15:56:33.094753+00,2025-07-05 15:56:33.094767+00,10,1047
207,5,2025-07-05 15:56:33.096705+00,2025-07-05 15:56:33.096718+00,10,1048
208,6,2025-07-05 15:56:33.09882+00,2025-07-05 15:56:33.098834+00,10,1030
209,7,2025-07-05 15:56:33.100889+00,2025-07-05 15:56:33.100904+00,10,806
210,8,2025-07-05 15:56:33.103+00,2025-07-05 15:56:33.103016+00,10,1049
211,9,2025-07-05 15:56:33.105208+00,2025-07-05 15:56:33.105223+00,10,56
221,1,2025-07-06 14:55:56.09221+00,2025-07-06 14:55:56.092229+00,11,1050
222,2,2025-07-06 14:55:56.094722+00,2025-07-06 14:55:56.094739+00,11,754
223,3,2025-07-06 14:55:56.096954+00,2025-07-06 14:55:56.09697+00,11,363
224,4,2025-07-06 14:55:56.099188+00,2025-07-06 14:55:56.099204+00,11,1051
225,5,2025-07-06 14:55:56.101454+00,2025-07-06 14:55:56.101471+00,11,588
226,6,2025-07-06 14:55:56.103499+00,2025-07-06 14:55:56.103514+00,11,859
227,7,2025-07-06 14:55:56.105542+00,2025-07-06 14:55:56.105556+00,11,125
228,8,2025-07-06 14:55:56.107548+00,2025-07-06 14:55:56.107563+00,11,57
229,9,2025-07-06 14:55:56.109554+00,2025-07-06 14:55:56.109569+00,11,951
230,1,2025-07-10 01:20:59.615225+00,2025-07-10 01:20:59.615253+00,12,1052
231,2,2025-07-10 01:20:59.62283+00,2025-07-10 01:20:59.62286+00,12,1053
232,3,2025-07-10 01:20:59.626418+00,2025-07-10 01:20:59.626443+00,12,1054
233,4,2025-07-10 01:20:59.63019+00,2025-07-10 01:20:59.630216+00,12,1055
234,5,2025-07-10 01:20:59.633824+00,2025-07-10 01:20:59.633849+00,12,4
235,6,2025-07-10 01:20:59.637522+00,2025-07-10 01:20:59.637548+00,12,1056
236,1,2025-08-25 22:45:06.51553+00,2025-08-25 22:45:06.515546+00,1,1
237,2,2025-08-25 22:45:06.532984+00,2025-08-25 22:45:06.532996+00,1,2
238,3,2025-08-25 22:45:06.534046+00,2025-08-25 22:45:06.534054+00,1,3
239,4,2025-08-25 22:45:06.53511+00,2025-08-25 22:45:06.535117+00,1,4
240,5,2025-08-25 22:45:06.537213+00,2025-08-25 22:45:06.537227+00,1,5
241,6,2025-08-25 22:45:06.539378+00,2025-08-25 22:45:06.539392+00,1,6
242,7,2025-08-25 22:45:06.541561+00,2025-08-25 22:45:06.541577+00,1,7
265,1,2025-09-10 14:19:43.935934+00,2025-09-10 14:19:43.935954+00,13,239
266,2,2025-09-10 14:19:43.938705+00,2025-09-10 14:19:43.938722+00,13,1057
267,3,2025-09-10 14:19:43.94113+00,2025-09-10 14:19:43.941154+00,13,1058
268,4,2025-09-10 14:19:43.943552+00,2025-09-10 14:19:43.943568+00,13,1059
269,5,2025-09-10 14:19:43.945955+00,2025-09-10 14:19:43.945971+00,13,1044
270,6,2025-09-10 14:19:43.948339+00,2025-09-10 14:19:43.948356+00,13,1060
271,7,2025-09-10 14:19:43.950722+00,2025-09-10 14:19:43.95074+00,13,73
278,1,2025-10-23 20:56:18.628563+00,2025-10-23 20:56:18.62858+00,15,1014
279,2,2025-10-23 20:56:18.630647+00,2025-10-23 20:56:18.63066+00,15,1061
280,3,2025-10-23 20:56:18.63247+00,2025-10-23 20:56:18.632485+00,15,262
281,4,2025-10-23 20:56:18.634278+00,2025-10-23 20:56:18.634292+00,15,72
282,5,2025-10-23 20:56:18.636109+00,2025-10-23 20:56:18.636123+00,15,56
283,6,2025-10-23 20:56:18.637903+00,2025-10-23 20:56:18.637916+00,15,1062
284,1,2025-11-13 23:35:49.582336+00,2025-11-13 23:35:49.582348+00,16,1063
285,2,2025-11-13 23:35:49.58921+00,2025-11-13 23:35:49.589221+00,16,1064
286,3,2025-11-13 23:35:49.590405+00,2025-11-13 23:35:49.590413+00,16,65
287,4,2025-11-13 23:35:49.591562+00,2025-11-13 23:35:49.591569+00,16,787
288,5,2025-11-13 23:35:49.592854+00,2025-11-13 23:35:49.592864+00,16,1065
289,6,2025-11-13 23:35:49.5943+00,2025-11-13 23:35:49.594311+00,16,317
290,7,2025-11-13 23:35:49.595866+00,2025-11-13 23:35:49.595879+00,16,1066
