person_key,person_id
P0001,48
P0002,49
P0003,50
P0004,51
P0005,52
P0006,53
P0007,54
P0008,55
P0009,56
P0010,57
P0011,58
P0012,59
P0013,60
P0014,61
P0015,62
P0016,63
P0017,64
P0018,65
P0019,66
P0020,67
P0021,68
P0022,69
P0023,70
P0024,71
P0025,72
P0026,73
P0027,74
P0028,75
P0029,76
P0030,77
P0031,78
P0032,79
P0033,80
P0034,81
P0036,83
P0043,90
P0044,91
P0045,92
P0046,93
P0047,94
P0048,95
P0049,96
P0050,97
P0051,98
P0052,99
P0053,100
P0054,101
P0055,102
P0056,103
P0057,104
P0058,105
P0059,106
P0060,107
P0061,108
P0062,109
P0063,110
P0064,111
P0065,112
P0066,113
P0067,114
P0068,115
P0069,116
P0070,117
P0071,118
P0072,119
P0073,120
P0074,121
P0075,122
P0076,123
P0077,124
P0078,125
P0085,132
P0086,133
P0087,134
P0088,135
P0089,136
P0090,137
P0091,138
P0092,139
P0093,140
P0094,141
P0095,142
P0096,143
P0097,144
P0098,145
P0099,146
P0100,147
P0101,148
P0102,149
P0103,150
P0104,151
P0105,152
P0106,153
P0107,154
P0108,155
P0109,156
P0110,157
P0111,158
P0112,159
P0113,160
P0114,161
P0115,162
P0116,163
P0117,164
P0118,165
P0119,166
P0120,167
P0129,176
P0130,177
P0131,178
P0132,179
P0133,180
P0134,181
P0135,182
P0136,183
P0137,184
P0138,185
P0139,186
P0140,187
P0141,188
P0142,189
P0143,190
P0144,191
P0145,192
P0146,193
P0147,194
P0148,195
P0149,196
P0150,197
P0151,198
P0152,199
P0153,200
P0154,201
P0155,202
P0156,203
P0157,204
P0158,205
P0159,206
P0160,207
P0161,208
P0162,209
P0163,210
P0165,212
P0172,219
P0173,220
P0174,221
P0175,222
P0176,223
P0177,224
P0178,225
P0179,226
P0180,227
P0181,228
P0182,229
P0183,230
P0184,231
P0185,232
P0186,233
P0187,234
P0188,235
P0189,236
P0190,237
P0191,238
P0192,239
P0193,240
P0194,241
P0195,242
P0196,243
P0197,244
P0198,245
P0199,246
P0200,247
P0201,248
P0202,249
P0203,250
P0204,251
P0205,252
P0206,253
P0207,254
P0215,262
P0216,263
P0217,264
P0218,265
P0219,266
P0220,267
P0221,268
P0222,269
P0223,270
P0224,271
P0225,272
P0226,273
P0227,274
P0228,275
P0229,276
P0230,277
P0231,278
P0232,279
P0233,280
P0234,281
P0235,282
P0236,283
P0237,284
P0238,285
P0239,286
P0240,287
P0241,288
P0242,289
P0243,290
P0244,291
P0245,292
P0246,293
P0247,294
P0248,295
P0249,296
P0250,297
P0251,298
P0253,300
P0258,305
P0259,306
P0260,307
P0261,308
P0262,309
P0263,310
P0264,311
P0265,312
P0266,313
P0267,314
P0268,315
P0269,316
P0270,317
P0271,318
P0272,319
P0273,320
P0274,321
P0275,322
P0276,323
P0277,324
P0278,325
P0279,326
P0280,327
P0281,328
P0282,329
P0283,330
P0284,331
P0285,332
P0286,333
P0287,334
P0288,335
P0289,336
P0290,337
P0291,338
P0292,339
P0293,340
P0302,349
P0303,350
P0304,351
P0305,352
P0306,353
P0307,354
P0308,355
P0309,356
P0310,357
P0311,358
P0312,359
P0313,360
P0314,361
P0315,362
P0316,363
P0317,364
P0318,365
P0319,366
P0320,367
P0321,368
P0322,369
P0323,370
P0324,371
P0325,372
P0326,373
P0327,374
P0328,375
P0329,376
P0330,377
P0331,378
P0332,379
P0333,380
P0334,381
P0335,382
P0336,383
P0337,384
P0338,385
P0345,392
P0346,393
P0347,394
P0348,395
P0349,396
P0350,397
P0351,398
P0352,399
P0353,400
P0354,401
P0355,402
P0356,403
P0357,404
P0358,405
P0359,406
P0360,407
P0361,408
P0362,409
P0363,410
P0364,411
P0365,412
P0366,413
P0367,414
P0368,415
P0369,416
P0370,417
P0371,418
P0372,419
P0373,420
P0374,421
P0375,422
P0376,423
P0377,424
P0378,425
P0379,426
P0380,427
P0387,434
P0388,435
P0389,436
P0390,437
P0391,438
P0392,439
P0393,440
P0394,441
P0395,442
P0396,443
P0397,444
P0398,445
P0399,446
P0400,447
P0401,448
P0402,449
P0403,450
P0404,451
P0405,452
P0406,453
P0407,454
P0408,455
P0409,456
P0410,457
P0411,458
P0412,459
P0413,460
P0414,461
P0415,462
P0416,463
P0417,464
P0418,465
P0419,466
P0420,467
P0421,468
P0430,477
P0431,478
P0432,479
P0433,480
P0434,481
P0435,482
P0436,483
P0437,484
P0438,485
P0439,486
P0440,487
P0441,488
P0442,489
P0443,490
P0444,491
P0445,492
P0446,493
P0447,494
P0448,495
P0449,496
P0450,497
P0451,498
P0452,499
P0453,500
P0454,501
P0455,502
P0456,503
P0457,504
P0458,505
P0459,506
P0460,507
P0461,508
P0462,509
P0463,510
P0464,511
P0465,512
P0467,514
P0473,520
P0474,521
P0475,522
P0476,523
P0477,524
P0478,525
P0479,526
P0480,527
P0481,528
P0482,529
P0483,530
P0484,531
P0485,532
P0486,533
P0487,534
P0488,535
P0489,536
P0490,537
P0491,538
P0492,539
P0493,540
P0494,541
P0495,542
P0496,543
P0497,544
P0498,545
P0499,546
P0500,547
P0501,548
P0502,549
P0503,550
P0504,551
P0505,552
P0506,553
P0507,554
P0516,563
P0517,564
P0518,565
P0519,566
P0520,567
P0521,568
P0522,569
P0523,570
P0524,571
P0525,572
P0526,573
P0527,574
P0528,575
P0529,576
P0530,577
P0531,578
P0532,579
P0533,580
P0534,581
P0535,582
P0536,583
P0537,584
P0538,585
P0539,586
P0540,587
P0541,588
P0542,589
P0543,590
P0544,591
P0545,592
P0546,593
P0547,594
P0548,595
P0549,596
P0550,597
P0559,606
P0560,607
P0561,608
P0562,609
P0563,610
P0564,611
P0565,612
P0566,613
P0567,614
P0568,615
P0569,616
P0570,617
P0571,618
P0572,619
P0573,620
P0574,621
P0575,622
P0576,623
P0577,624
P0578,625
P0579,626
P0580,627
P0581,628
P0582,629
P0583,630
P0584,631
P0585,632
P0586,633
P0587,634
P0588,635
P0589,636
P0590,637
P0591,638
P0592,639
P0593,640
P0594,641
P0595,642
P0602,649
P0603,650
P0604,651
P0605,652
P0606,653
P0607,654
P0608,655
P0609,656
P0610,657
P0611,658
P0612,659
P0613,660
P0614,661
P0615,662
P0616,663
P0617,664
P0618,665
P0619,666
P0620,667
P0621,668
P0622,669
P0623,670
P0624,671
P0625,672
P0626,673
P0627,674
P0628,675
P0629,676
P0630,677
P0631,678
P0632,679
P0633,680
P0634,681
P0635,682
P0636,683
P0637,684
P0646,693
P0647,694
P0648,695
P0649,696
P0650,697
P0651,698
P0652,699
P0653,700
P0654,701
P0655,702
P0656,703
P0657,704
P0658,705
P0659,706
P0660,707
P0661,708
P0662,709
P0663,710
P0664,711
P0665,712
P0666,713
P0667,714
P0668,715
P0669,716
P0670,717
P0671,718
P0672,719
P0673,720
P0674,721
P0675,722
P0676,723
P0677,724
P0678,725
P0679,726
P0680,727
P0681,728
P0682,729
P0689,736
P0690,737
P0691,738
P0692,739
P0693,740
P0694,741
P0695,742
P0696,743
P0697,744
P0698,745
P0699,746
P0700,747
P0701,748
P0702,749
P0703,750
P0704,751
P0705,752
P0706,753
P0707,754
P0708,755
P0709,756
P0710,757
P0711,758
P0712,759
P0713,760
P0714,761
P0715,762
P0716,763
P0717,764
P0718,765
P0719,766
P0720,767
P0721,768
P0722,769
P0723,770
P0724,771
P0725,772
P0733,780
P0734,781
P0735,782
P0736,783
P0737,784
P0738,785
P0739,786
P0740,787
P0741,788
P0742,789
P0743,790
P0744,791
P0745,792
P0746,793
P0747,794
P0748,795
P0749,796
P0750,797
P0751,798
P0752,799
P0753,800
P0754,801
P0755,802
P0756,803
P0757,804
P0758,805
P0759,806
P0760,807
P0761,808
P0762,809
P0763,810
P0764,811
P0765,812
P0766,813
P0767,814
P0768,815
P0035,82
P0037,84
P0038,85
P0039,86
P0040,87
P0041,88
P0042,89
P0079,126
P0080,127
P0081,128
P0082,129
P0083,130
P0084,131
P0121,168
P0122,169
P0123,170
P0124,171
P0125,172
P0126,173
P0127,174
P0128,175
P0164,211
P0166,213
P0167,214
P0168,215
P0169,216
P0170,217
P0171,218
P0208,255
P0209,256
P0210,257
P0211,258
P0212,259
P0213,260
P0214,261
P0252,299
P0254,301
P0255,302
P0256,303
P0257,304
P0294,341
P0295,342
P0296,343
P0297,344
P0298,345
P0299,346
P0300,347
P0301,348
P0339,386
P0340,387
P0341,388
P0342,389
P0343,390
P0344,391
P0381,428
P0382,429
P0383,430
P0384,431
P0385,432
P0386,433
P0422,469
P0423,470
P0424,471
P0425,472
P0426,473
P0427,474
P0428,475
P0429,476
P0466,513
P0468,515
P0469,516
P0470,517
P0471,518
P0472,519
P0508,555
P0509,556
P0510,557
P0511,558
P0512,559
P0776,823
P0513,560
P0514,561
P0515,562
P0551,598
P0552,599
P0553,600
P0554,601
P0555,602
P0556,603
P0557,604
P0558,605
P0596,643
P0597,644
P0598,645
P0599,646
P0600,647
P0601,648
P0638,685
P0639,686
P0640,687
P0641,688
P0642,689
P0643,690
P0644,691
P0645,692
P0683,730
P0684,731
P0685,732
P0686,733
P0687,734
P0688,735
P0726,773
P0727,774
P0728,775
P0729,776
P0730,777
P0731,778
P0732,779
P0769,816
P0770,817
P0771,818
P0772,819
P0773,820
P0774,821
P0775,822
